,feature1,feature2
count,100.0,100.0
mean,0.1297280984647573,-0.24371331017261594
std,0.8604765571805566,1.0059675205381768
min,-1.7408216476373177,-3.304499435991076
25%,-0.5605220823179411,-0.8562260042413823
50%,0.20567831504812312,-0.2279856869729905
75%,0.6592970414389042,0.3721633072574193
max,2.1166477457620525,2.4353520122261427
