{"value":{"count":8.0,"mean":12.8858191563,"std":7.6852612328,"min":7.3816589524,"25%":7.8755480608,"50%":9.84375,"75%":14.5302605397,"max":30.0}}